,Unnamed: 0,Event ID,Run ID,Dec,RA,Signalness,MJD,Stream,Cut,Dec err,RA err,TS_1.0e+03,ns_1.0e+03,p_1.0e+03,TS_1.7e+05,ns_1.7e+05,p_1.7e+05,TS_steady,ns_steady,p_steady,ra_steady,dec_steady,gamma_steady
0,0,17334444,118178,-1.94,138.47,0.508,55695.06415108922,GFU,GOLD,2.09,10.46,0.0,0.0,1.0,3.070524697412229,1.029101015575109,0.1528,2.371163411335708,3.573864137894306,0.81425,2.4370178844687924,-0.03389857832532553,2.1415820096625144
1,1,46569873,118309,35.64,272.55,0.75,55722.42607809128,GFU,GOLD,2.35,4.09,0.0,0.0,1.0,0.0,0.7555091233381355,1.0,1.0637955518028392,5.85912474361316,0.61175,4.758218866132764,0.6369602931984998,2.292491457587138
2,2,24578488,118342,5.38,71.15,0.257,55728.72979097178,GFU,BRONZE,1.69,3.4799999999999995,11.173987942858517,0.9991348097382751,0.0006,3.894432012960654,1.7908529075936834,0.0384,0.8337560699134983,25.372481020388822,0.668,1.2462034794859118,0.08456408752532908,3.649999090721344
3,3,58198553,118435,40.67,68.2,0.778,55756.11298443852,HESE,GOLD,0.88,1.41,0.0,0.0,1.0,0.0,0.0,1.0,0.0,1.0,1.0,6.280117345603815,0.7297276562269662,2.0
4,4,52691508,118475,6.99,151.08,0.396,55768.51080159916,GFU,BRONZE,1.81,2.9,0.0,0.0,1.0,0.0,0.0,1.0,0.0,1.0,1.0,6.280117345603815,0.7297276562269662,2.0
5,5,54350726,118539,1.53,336.8,0.266,55780.97970434913,GFU,BRONZE,1.71,3.34,0.0,0.0,1.0,5.1823382624529195,1.3865868000376274,0.028,1.3354601025234416,20.496091867822948,0.60025,5.882701678181226,0.03349541164479764,3.0382407189083733
6,6,45696357,118576,-2.09,332.45,0.34,55791.68864321097,GFU,BRONZE,1.83,2.2,0.0,0.0,1.0,0.0,0.0,1.0,0.2344351594495997,8.574321132032201,0.67525,5.804583296155993,-0.036466417946054396,2.7632901636494447
7,7,36844560,118631,7.59,9.76,0.609,55806.09220290563,GFU,GOLD,1.73,4.18,0.0,0.0,1.0,0.0,1.2020516588745793,1.0,4.564073645157702,2.24113860167861,0.1545,0.16358956327297752,0.13211809858234386,1.7979401124653283
8,8,61529737,118660,9.4,196.08,0.506,55811.79461555,GFU,GOLD,2.6100000000000003,6.59,0.0,0.0,1.0,0.0,0.0,1.0,3.131861877163411,31.25576361599869,0.474,3.41327954707324,0.16657268591832347,4.0750918092091
9,9,995844,118738,50.04,121.45,0.521,55833.26046548522,GFU,BRONZE,0.39,2.63,5.5298876603686145,0.9768246696543937,0.0033,4.349075334031284,1.63982898141218,0.0136,5.928433185294555,40.80892747134468,0.03925,2.108852596575747,0.8757101177573194,3.8200686846920076
10,10,43101116,118741,-4.44,267.01,0.429,55834.44513646853,GFU,BRONZE,1.39,2.33,0.0,0.0,1.0,0.06112307376534415,0.22687431476334372,0.2152,5.317079613793997,46.72601627291343,0.063,4.65220395995159,-0.08846193110564401,3.497581818477573
11,11,61465314,118778,44.7,172.13,0.434,55846.86687056347,GFU,BRONZE,1.24,2.79,0.0,0.0,1.0,0.0,0.0,1.0,0.0,1.0,1.0,6.280117345603815,0.7297276562269662,2.0
12,12,22324184,118973,9.82,26.06,0.42,55885.96104031756,GFU,BRONZE,2.76,5.05,0.0,0.0,1.0,0.0,0.0,1.0,4.17042881379436,4.383794499758884,0.24725,0.4620633690665492,0.1621159885853615,1.8500004998607456
13,13,25391094,118973,-11.99,356.84,0.292,55885.97335470221,GFU,BRONZE,0.5,1.15,0.0,0.0,1.0,0.0,0.0,1.0,0.0,1.0,1.0,6.280117345603815,0.7297276562269662,2.0
14,14,49522606,119097,38.49,165.19,0.446,55903.71892797326,GFU,BRONZE,7.16,11.16,0.0,0.0,1.0,0.4874318002115161,0.8906168380114059,0.3788,5.047799431058056,31.897321484510332,0.54075,2.8918889691853047,0.6739768723327436,3.1406567078829415
15,15,32538906,119101,20.42,99.98,0.335,55904.45690159585,GFU,BRONZE,3.62,3.21,0.0,0.0,1.0,0.13102802012727377,0.5151283834155327,0.2232,0.42799674345637173,2.393774987539838,0.784,1.7426021689985023,0.35710218505476277,2.0587638408681594
16,16,14422170,119125,0.56,247.85,0.408,55908.39772381761,GFU,BRONZE,2.88,3.29,0.0,0.0,1.0,0.0,0.0,1.0,0.8133393212757918,19.912667233605458,0.7915,4.31436327840625,0.010418497113938267,3.5598322707059236
17,17,66932419,119136,18.88,36.74,0.946,55911.27685053114,GFU,GOLD,5.279999999999999,4.04,0.0,0.0,1.0,0.9416581705880791,1.0375971547685015,0.2192,2.146670677565341,70.46404540464441,0.7065,0.6461602289202762,0.28134879476652425,3.606479433834755
18,18,28561103,119146,7.03,26.85,0.397,55913.33542794057,GFU,BRONZE,9.24,8.35,0.0,0.0,1.0,0.0,0.0,1.0,8.141058026217998,45.73885853103854,0.24075,0.42833287165134154,0.12513507173609437,2.9411086177009254
19,19,41603205,119739,18.76,237.96,0.825,55987.80691328732,GFU,GOLD,0.98,1.15,0.0,0.0,1.0,0.0,0.0,1.0,1.2742326397101404,26.33534911035097,0.2675,4.150952012018545,0.32880963846514843,3.9014880623694483
20,20,12133428,120027,0.52,183.56,0.274,56043.41532671855,GFU,BRONZE,1.5699999999999998,4.17,0.0,0.0,1.0,0.0,0.0,1.0,5.991490030682909,40.69645516683095,0.13225,3.2180928982460166,0.015647880133875986,2.9164837834538204
21,21,22615214,120045,-71.51,165.37,0.464,56048.5704208966,HESE,GOLD,6.21,12.37,0.0,0.0,1.0,0.0,0.0,1.0,11.974123856133962,14.09111593578482,0.03525,2.8735107752889157,-1.2285871859269135,2.6923265401052796
22,22,59255331,120157,32.0,198.94,0.613,56062.95901934374,GFU,GOLD,2.06,3.12,0.0,0.0,1.0,1.4204808617443265,0.9208411770737632,0.0792,0.9740377714987609,17.41316416921849,0.52675,3.4780921413327914,0.5488581325699151,4.902481983005886
23,23,63879322,120185,26.44,171.08,0.525,56070.5742824046,EHE,GOLD,0.8300000000000001,2.07,0.0,0.0,1.0,0.0,0.0,1.0,8.331973539256037,57.3930603003171,0.01075,2.9696651248031913,0.4636298366025253,3.7767995412352087
24,24,1306178,120186,15.48,343.78,0.49,56070.63865189075,GFU,BRONZE,3.92,9.4,0.0,0.0,1.0,1.4159914569561627,1.6938991170285567,0.2728,1.3747322278071152,33.33476312314486,0.93575,6.028232941966007,0.25870452755193707,4.5437739383566145
25,25,73761892,120205,22.87,176.48,0.416,56076.54294700876,GFU,BRONZE,4.470000000000001,12.57,0.0,0.0,1.0,1.3450917950994867,0.9795881138012588,0.3572,7.768066649418639,35.57051676026154,0.1955,3.104921708523841,0.4047265321462897,2.798596095352455
26,26,21476686,120244,14.79,119.31,0.395,56079.30557152734,GFU,BRONZE,1.35,2.94,0.0,0.0,1.0,6.119642547248647,1.8909275417977858,0.0128,0.0,1.0,1.0,6.280117345603815,0.7297276562269662,2.0
27,27,65493286,120260,36.38,152.58,0.385,56083.65455898678,GFU,BRONZE,3.01,4.31,0.0,0.0,1.0,0.0,0.0,1.0,4.269515703929386,7.469802052216095,0.19725,2.66926857887349,0.6347662284956086,2.0206969879433125
28,28,20451977,120309,-15.09,39.95,0.244,56089.36416964872,GFU,BRONZE,0.5,0.52,0.0,0.0,1.0,0.0,0.0,1.0,0.0,1.0,1.0,6.280117345603815,0.7297276562269662,2.0
29,29,24248640,120535,1.42,330.07,0.744,56146.20714663897,GFU,GOLD,1.05,1.66,0.0,0.0,1.0,0.0,0.0,1.0,0.477599222528732,17.67236342249149,0.57425,5.7554959133642,0.026044610781370305,4.718302120737318
30,30,12284754,120680,3.88,182.24,0.438,56186.30530486623,GFU,GOLD,1.49,3.0700000000000003,0.0,0.0,1.0,3.375077994860476e-14,0.0,0.25,0.8110150381369738,29.385221960703127,0.5325,3.1673444870831804,0.07331053409823392,3.5424897347909026
31,31,53550535,120708,19.79,70.62,0.426,56192.54933227013,EHE,GOLD,1.62,2.76,0.0,0.0,1.0,0.0,0.0,1.0,2.5153066296536695,22.815734017151474,0.2535,1.2266354630549636,0.34782428851312985,3.110103372194676
32,32,20915945,120798,-2.28,205.14,0.842,56211.77094169458,GFU,GOLD,1.08,1.36,0.0,0.0,1.0,1.8815288392285328,0.9181002373266012,0.052,0.0,1.0,1.0,6.280117345603815,0.7297276562269662,2.0
33,33,64513030,120860,27.91,169.8,0.926,56226.59949621974,GFU,GOLD,1.73,2.73,0.0,0.0,1.0,0.0,0.0,1.0,7.535419999260691,55.28776679895853,0.03125,2.9662059282196043,0.47763781831125796,4.327179321535522
34,34,64276946,120884,6.05,123.18,0.276,56234.5075207242,GFU,BRONZE,1.2000000000000002,1.89,0.0,0.0,1.0,4.607704414122899,2.974075030877478,0.0144,3.633735382852368,55.597728361604126,0.13375,2.1657335137647724,0.11003338971901086,3.5196635617310643
35,35,29325450,120935,8.88,225.7,0.319,56246.33035012512,GFU,BRONZE,1.89,2.2,0.23336009845685712,0.40852031071789907,0.0141,0.0,0.0,1.0,3.8912788868476653,42.574220909405895,0.1105,3.9454057080598783,0.1452131775194464,3.1499846504895253
36,36,41853263,121761,74.14,7.67,0.531,56317.26571230239,GFU,BRONZE,6.18,12.38,0.0,0.0,1.0,0.0,0.0,1.0,9.09108882689482,60.992790697732055,0.0065,0.16563222679188755,1.2716861532105133,3.6949793833141693
37,37,56963417,121762,-1.9,280.46,0.31,56317.65900654516,GFU,BRONZE,1.75,4.22,0.0,0.0,1.0,0.8077520171086272,1.0178106279602477,0.19,4.102751270209581,23.902673635820385,0.27375,4.888523343576415,-0.02856470989818725,2.8823711948060526
38,38,40349510,121769,-1.98,352.97,0.61,56319.27998864782,GFU,GOLD,1.87,2.33,0.0,0.0,1.0,0.0,0.0,1.0,0.1140638698778953,10.287554207091926,0.75925,6.1543307878697275,-0.033860899025402694,2.8499999611200546
39,39,62872761,121840,-13.32,48.38,0.317,56331.12141217788,GFU,BRONZE,0.46,0.62,0.0,0.0,1.0,0.0,0.0,1.0,1.7273205878632378,10.771196628896186,0.23375,0.8397736489650656,-0.2321904302581844,3.287966815163882
40,40,5809789,122055,54.68,303.41,0.377,56367.7359925578,GFU,BRONZE,3.3600000000000003,6.529999999999999,0.0,0.0,1.0,0.7824100583984013,0.6470177268599513,0.146,3.953271174686347,48.7025693955762,0.309,5.309859743266002,0.9259237939511442,4.301008616634822
41,41,56194427,122060,20.62,13.45,0.327,56369.28453777279,GFU,BRONZE,2.43,1.67,0.0,0.0,1.0,3.5979616695501377,1.0237134134430061,0.0252,1.7609334480141854,12.360511903976606,0.318,0.23930099753041098,0.37653721911445365,2.4290913284769218
42,42,30701331,122152,20.66,167.83,0.525,56390.18877428146,HESE,GOLD,2.27,6.6,0.0,0.0,1.0,0.0,0.0,1.0,3.3914748150344867,38.574920486188425,0.3515,2.8914731652921666,0.3714747986053623,3.218564633213706
43,43,6905361,122154,4.22,7.38,0.395,56390.75835433359,GFU,BRONZE,8.31,12.919999999999998,0.0,0.0,1.0,3.5954923345232146,2.649886287790601,0.3304,13.387004729841971,69.97168446088648,0.03475,0.14001847132798975,0.06776016896294622,3.6077038880240564
44,44,52726834,122160,29.44,163.56,0.411,56391.98239268221,GFU,BRONZE,7.84,5.18,0.0,0.0,1.0,0.0,0.0,1.0,9.313822080889704,29.703441754331077,0.0555,2.853092856395745,0.4875199204531955,2.603840481266188
45,45,49995489,122316,26.24,337.76,0.452,56420.64119743768,GFU,BRONZE,4.59,5.23,0.0,0.0,1.0,3.7477857879551912,1.1932916013365336,0.0704,0.9740713091975808,13.97027554911843,0.858,5.902105028164617,0.4537007686485847,3.727786886087337
46,46,21601607,122318,2.09,317.5,0.249,56421.18583123269,GFU,BRONZE,2.53,3.61,0.0,0.0,1.0,0.0,0.0,1.0,0.5692223730667434,1.556728719611258,0.83925,5.5460206815621635,0.0379805246687315,1.9890813693825884
47,47,46565711,122361,23.85,45.35,0.364,56431.48285381537,GFU,BRONZE,2.04,4.61,0.0,0.0,1.0,0.0,0.4653265052141983,1.0,4.083544696595727,30.829529612275795,0.21225,0.8135950467571579,0.4232831617606822,3.1260572755283986
48,48,31925079,122469,6.32,164.18,0.351,56443.55692494961,GFU,BRONZE,2.59,4.57,0.0,0.0,1.0,0.0,0.0,1.0,3.0556771715749678,3.9459976192128527,0.41975,2.87522661892167,0.1148494640620984,2.0499997155489873
49,49,17469985,122604,14.17,93.74,0.938,56470.11039111138,GFU,GOLD,2.27,2.15,0.0,0.0,1.0,0.0,0.0,1.0,2.898930868596314,25.36979559541861,0.2245,1.6335944960085267,0.2472482030060544,2.9392057641922595
50,50,60656774,122605,3.73,155.35,0.309,56470.42590147932,GFU,BRONZE,3.14,6.24,0.0,0.0,1.0,0.0,0.0,1.0,4.56268165198648,41.48438796946866,0.234,2.725118380621143,0.0600074416490657,4.484546675906698
51,51,58987459,122663,-2.43,77.87,0.426,56484.5298335607,GFU,BRONZE,2.46,3.78,0.0,0.0,1.0,0.0,0.0,1.0,2.520325169194514,29.528586985657718,0.463,1.372458438126491,-0.03985862497823125,3.232571201139636
52,52,38570780,122768,6.32,122.87,0.319,56504.07237014141,GFU,BRONZE,5.640000000000001,6.64,0.0,0.0,1.0,0.29017397990717897,0.5416159353708858,0.4476,6.853414191653808,58.0070777878316,0.2095,2.1671843786188805,0.11245652733726026,3.549999373514082
53,53,38615684,122772,7.75,214.98,0.28,56505.25626840586,GFU,BRONZE,2.44,8.35,0.0,0.0,1.0,0.0,0.0,1.0,6.248829308349231,51.81011513360244,0.13275,3.7348943151044716,0.1347194264733547,3.7195567606001245
54,54,12516001,122793,13.36,129.02,0.328,56508.81461902112,GFU,BRONZE,2.76,2.68,0.0,0.0,1.0,0.0,0.0,1.0,4.690271916108441,1.6450035546559452,0.15275,2.239501209884951,0.2215908449418401,1.4078403174526393
55,55,16944987,122818,9.22,26.59,0.294,56512.33958626503,GFU,BRONZE,1.78,2.37,0.0,0.0,1.0,0.0,0.0,1.0,1.8203448335667112,8.362445502344507,0.27875,0.4613496036982961,0.173678676709712,2.084902834567376
56,56,69011827,122895,0.56,91.32,0.301,56526.40856500706,GFU,BRONZE,1.41,2.38,0.0,0.0,1.0,0.0,0.0,1.0,0.0,1.0,1.0,6.280117345603815,0.7297276562269662,2.0
57,57,6578595,122973,-10.54,130.17,0.322,56542.79309917137,EHE,GOLD,0.5700000000000001,0.79,0.0,0.0,1.0,0.0,0.0,1.0,0.0,1.0,1.0,6.280117345603815,0.7297276562269662,2.0
58,58,8144529,123107,10.28,32.92,0.665,56579.90921080246,GFU,GOLD,0.99,1.58,0.0,0.0,1.0,0.0,0.0,1.0,0.0,1.0,1.0,6.280117345603815,0.7297276562269662,2.0
59,59,34573112,123145,11.61,301.9,0.59,56588.55850592728,EHE,GOLD,2.43,2.06,0.0,0.0,1.0,0.0,0.0,1.0,0.3822342594830017,9.300204204503718,0.653,5.270757987775098,0.19923208498797065,3.195173219224682
60,60,40504010,123228,41.81,342.73,0.502,56604.55261167329,GFU,BRONZE,2.29,3.12,0.0,0.0,1.0,0.0,0.12266942899656907,1.0,0.0,1.0,1.0,6.280117345603815,0.7297276562269662,2.0
61,61,49730417,123240,-17.27,129.24,0.272,56608.03124344143,GFU,BRONZE,0.32,0.52,0.0,0.0,1.0,0.0,0.0,1.0,0.0,1.0,1.0,6.280117345603815,0.7297276562269662,2.0
62,62,52248792,123281,19.47,285.16,0.553,56620.14505449561,GFU,GOLD,2.89,3.74,0.0,0.0,1.0,0.0,1.8898262117262603,1.0,0.0,1.0,1.0,6.280117345603815,0.7297276562269662,2.0
63,63,75182550,123334,-14.21,288.98,0.196,56630.47007245,EHE,GOLD,2.08,1.93,0.0,0.0,1.0,3.100212862113872,1.0706938784259878,0.0712,4.669749362185318,10.188853892277773,0.25525,5.04116017907678,-0.24699761823872374,2.611674387101147
64,64,47444787,123620,-2.69,192.26,0.56,56658.40386364448,GFU,GOLD,1.72,4.44,0.0,0.0,1.0,0.0,0.0,1.0,6.283601029882394,42.890659749987165,0.077,3.3332444474785694,-0.04496307012774738,4.828149068379858
65,65,27529428,123662,78.97,37.9,0.419,56660.88576485459,GFU,BRONZE,15.830000000000002,52.91,0.0,0.0,1.0,2.5941766907627795,1.7941154326177111,0.3616,5.611744383813263,3.493409906879678,0.2885,0.3926871393442864,1.4415079104409914,1.3499999893883672
66,66,34239163,123751,1.57,344.66,0.693,56665.307897028,EHE,GOLD,0.71,1.01,0.0,0.0,1.0,0.01940887705806088,0.14288186799006986,0.2092,0.0,1.0,1.0,6.280117345603815,0.7297276562269662,2.0
67,67,72626160,123762,33.02,293.12,0.927,56666.50298620128,GFU,GOLD,0.98,1.98,0.0,0.0,1.0,0.0,0.0,1.0,0.0,1.0,1.0,6.280117345603815,0.7297276562269662,2.0
68,68,11659459,123867,0.71,337.59,0.335,56671.87788784308,HESE,BRONZE,1.83,1.49,0.0,0.0,1.0,0.0,0.0,1.0,0.0,1.0,1.0,6.280117345603815,0.7297276562269662,2.0
69,69,63557286,123986,37.45,138.82,0.458,56679.14747345406,GFU,BRONZE,4.04,13.63,0.0,0.0,1.0,0.0,0.0,1.0,2.7781829464201513,19.66519311514744,0.828,2.4468392587627505,0.6552720860591545,2.9164163646371595
70,70,77999595,123986,-86.07,220.29,0.821,56679.20447983344,HESE,GOLD,1.23,17.31,0.0,0.0,1.0,0.0,0.0,1.0,1.0107885909707346,3.1861278911859783,0.59675,3.782851729027498,-1.5006142552256871,2.877168119829882
71,71,15174527,124136,-13.55,349.58,0.126,56691.78513352538,EHE,GOLD,2.88,5.19,0.0,0.0,1.0,0.0,0.0,1.0,9.326169755753062,30.29094998686118,0.10025,6.121120250844099,-0.264129011313882,4.17552329506828
72,72,76481548,124221,13.06,202.59,0.394,56701.80908624909,GFU,BRONZE,4.83,8.0,0.0,0.0,1.0,0.0,0.0,1.0,1.8769724821247262,27.56292805146331,0.85425,3.5656131006639393,0.22805666877970196,3.7361633675264136
73,73,49827757,124296,32.58,118.83,0.43,56711.92014365716,GFU,BRONZE,15.51,23.74,0.0,0.0,1.0,0.23876002563143395,0.971149473583894,0.9768,,,,,,
74,74,19400842,124340,32.93,308.06,0.396,56723.92001535036,GFU,BRONZE,5.94,7.290000000000001,0.0,0.0,1.0,0.0,0.0,1.0,4.383720895945203,34.990934976071486,0.4655,5.3811067024825325,0.5519814285166408,3.2494048702766096
75,75,35466777,124463,51.06,225.7,0.403,56740.08928629087,GFU,BRONZE,6.87,10.32,0.0,0.0,1.0,2.176221721362399,1.0603309359157416,0.202,4.098692734316117,24.317410339711227,0.61625,3.9658760418360846,0.8854270540528584,2.839220783628972
76,76,66087371,124547,81.22,2.11,0.627,56757.09875662815,GFU,GOLD,14.94,210.43,0.0,0.0,1.0,2.1687221487608546,0.9667354903213268,0.6608,,,,,,
77,77,22040903,124569,15.91,146.95,0.454,56758.56676566884,GFU,BRONZE,5.51,6.24,0.0,0.0,1.0,0.3547156674309315,1.4479577969322792,0.3104,3.5524552729963723,47.64592229939927,0.60775,2.6039548854222008,0.2907787953224148,3.6948487242149026
78,78,5182926,124643,16.57,6.28,0.489,56767.85935512539,GFU,BRONZE,9.88,12.92,0.0,0.0,1.0,0.0,0.0,1.0,9.66246442931507,58.07703265989526,0.15825,0.11285187395462871,0.25777157886426544,3.0227351412333268
79,79,33063779,124693,46.57,162.3,0.404,56780.95701619062,GFU,BRONZE,10.52,18.17,0.0,0.0,1.0,0.0,0.0,1.0,13.55942049391944,65.37556312478276,0.0315,2.8214076205557523,0.7499397374578111,3.9216300120703784
80,80,42577032,124829,7.56,9.71,0.377,56811.14246654727,GFU,BRONZE,1.36,1.5,0.0,0.0,1.0,0.0,0.0,1.0,5.977676734331141,1.8696235207212915,0.039,0.16916628706091744,0.1325988915830069,1.6663272691983817
81,81,74171655,124852,1.31,106.26,0.815,56817.63639386016,GFU,GOLD,1.91,4.83,0.0,0.0,1.0,0.0,0.0,1.0,4.771960770320884,34.50404164680984,0.24875,1.8460034807027605,0.020834835460305425,3.0448490168432722
82,82,32863663,124861,11.45,110.65,0.997,56819.20444852863,GFU,GOLD,0.38,1.15,0.0,0.0,1.0,0.0,0.0,1.0,0.0,1.0,1.0,6.280117345603815,0.7297276562269662,2.0
83,83,15096469,124994,53.62,157.07,0.504,56842.29777539684,GFU,BRONZE,6.83,9.33,0.0,0.0,1.0,0.0,0.0,1.0,1.0663219761290466,5.152609308070985,0.951,2.7206647656870593,0.9404881697837365,2.4146027906099303
84,84,73159253,125001,2.54,25.88,0.559,56843.66869305359,GFU,GOLD,3.54,4.84,0.0,0.0,1.0,0.0,0.0,1.0,11.065975165581659,67.5317004561789,0.01825,0.4582784470861913,0.01876599482759312,3.7364230818413016
85,85,43302321,125011,14.17,240.86,0.478,56845.49980612584,GFU,BRONZE,3.19,5.15,0.0,0.0,1.0,0.0,0.0,1.0,5.78912651542255,44.61771643229889,0.13775,4.196666277022188,0.2565575173391441,3.5206000865271347
86,86,64570437,125046,15.6,0.79,0.391,56851.55657843665,GFU,BRONZE,1.55,2.33,0.0,0.0,1.0,0.0,0.0,1.0,0.0,1.0,1.0,6.280117345603815,0.7297276562269662,2.0
87,87,31397276,125071,-32.89,101.82,0.565,56859.7588334034,HESE,GOLD,13.31,13.63,0.0,0.0,1.0,0.0,0.0,1.0,11.950901298977875,19.670621049239674,0.3505,1.753425313964871,-0.6500524721373185,3.219582959994689
88,88,19617837,125205,1.87,271.45,0.267,56889.378046941,GFU,BRONZE,2.88,5.23,0.0,0.0,1.0,0.0,0.0,1.0,3.683664970434128,33.934334356283514,0.44925,4.732694443804745,0.03408041014058191,3.5467222552470035
89,89,65606123,125338,-1.6,169.72,0.241,56923.72110248644,EHE,GOLD,0.8200000000000001,1.5299999999999998,0.0,0.0,1.0,0.0,0.0,1.0,0.0,1.0,1.0,6.280117345603815,0.7297276562269662,2.0
90,90,12316485,125349,-0.63,50.89,0.481,56927.16084624148,GFU,GOLD,2.91,9.05,0.0,0.0,1.0,0.0,0.0,1.0,7.947198976107762,49.00217129927439,0.1295,0.8860325140679961,-0.008145831082468302,3.674569218915664
91,91,26630854,125422,3.21,63.85,0.436,56942.75086742418,GFU,BRONZE,1.98,3.6000000000000005,0.0,0.0,1.0,0.0,0.0,1.0,5.2187200804398355,52.2760019370235,0.1175,1.1354999262972443,0.047092290219836117,3.242967648603314
92,92,54236696,125544,6.43,253.43,0.286,56971.29675779433,GFU,BRONZE,1.39,1.93,,,,0.0,0.0,1.0,0.0,1.0,1.0,6.280117345603815,0.7297276562269662,2.0
93,93,19184163,125558,28.0,221.48,0.38,56975.25687203509,GFU,BRONZE,4.609999999999999,6.82,0.0,0.0,1.0,2.096220623003513,1.4831661387079083,0.1488,1.1807915215705966,18.054544262389882,0.85975,3.8740459920381607,0.4774951394401408,3.8186666540319534
94,94,21174828,125693,17.23,246.36,0.331,56999.66839927126,GFU,BRONZE,2.38,3.65,0.0,0.0,1.0,0.0,0.0,1.0,4.646662912518812,40.304484174179514,0.178,4.307258887521315,0.3101904646945229,3.459047330520219
95,95,6405911,125709,1.57,318.12,0.373,57001.84777231211,GFU,BRONZE,3.29,4.26,,,,0.0,0.0,1.0,1.4954075956916584,4.08894607850423,0.766,5.542476046799621,0.03594972647088902,2.0333257999191052
96,96,12938244,125757,-1.94,179.08,0.35,57012.41025006228,GFU,BRONZE,1.5299999999999998,1.98,0.0,0.0,1.0,0.40349221862911633,0.9636858382526782,0.1584,1.0526695975308158,20.11730154658096,0.48675,3.1190498198369268,-0.03841443695198461,3.515362553223882
97,97,16042897,125796,2.91,318.74,0.317,57024.79626014654,GFU,BRONZE,0.8300000000000001,5.23,0.0,0.0,1.0,7.507991155134546,0.9938175832308006,0.0068,0.1191330331943048,13.454548095862581,0.86975,5.580622106328018,0.052106909638285466,3.062809302102658
98,98,83097666,125800,28.76,272.11,0.448,57026.39897076738,GFU,BRONZE,4.2700000000000005,3.25,0.0,0.0,1.0,0.0,0.0,1.0,1.2177059184715882,16.812336764617534,0.63825,4.747300159038005,0.5057343082937634,4.328289695840189
99,99,11025256,125929,4.33,152.53,0.374,57040.5094546912,GFU,BRONZE,1.5699999999999998,4.26,0.0,0.0,1.0,1.7550417869903063,0.9012767669195126,0.112,0.26690067677048646,4.719657783730886,0.7965,2.6787699416780977,0.07162405283901177,2.21491194682661
100,100,55750717,125934,6.43,286.92,0.347,57041.36873106383,GFU,BRONZE,1.13,2.63,0.0,0.0,1.0,0.0,0.0,1.0,0.0,1.0,1.0,6.280117345603815,0.7297276562269662,2.0
101,101,7449833,125940,14.13,95.89,0.336,57042.98466339843,GFU,BRONZE,1.0,2.55,0.0,0.0,1.0,0.0,0.0,1.0,0.0,1.0,1.0,6.280117345603815,0.7297276562269662,2.0
102,102,61389842,125968,4.59,100.37,0.661,57049.48125162859,GFU,GOLD,1.46,2.99,0.0,0.0,1.0,0.0,0.0,1.0,0.25464855588011126,28.296914056082926,0.71425,1.7308666556444843,0.08227797421165808,3.797284111831885
103,103,80686964,125973,6.39,358.51,0.334,57051.22743860722,GFU,BRONZE,6.83,10.46,0.0,0.0,1.0,11.09342533950555,3.0880153122893055,0.008,3.724279486473418,4.8606235912398175,0.851,6.2510930728444976,0.10824228652099462,2.0662929921424804
104,104,40384770,126082,55.11,237.75,0.379,57077.99961383577,GFU,BRONZE,6.41,10.52,0.0,0.0,1.0,0.0,0.0,1.0,2.940885097732197,32.91108229998994,0.7935,4.136552547969821,0.9951762859555647,3.737992672919545
105,105,74589372,126148,-3.36,127.05,0.292,57094.32057719976,GFU,BRONZE,1.5,3.83,0.0,0.0,1.0,0.0,0.0,1.0,0.3886018908814437,22.32348940762739,0.51725,2.203164093972909,-0.05443033126365548,4.157278029759549
106,106,20883844,126308,15.02,31.07,0.321,57140.59078409722,GFU,BRONZE,3.36,10.46,0.0,0.0,1.0,4.825317662590592,2.8512645512647374,0.0644,6.467973305550478,55.93475409123567,0.26625,0.6031649614351113,0.2576301565985108,4.006590539155417
107,107,61611641,126370,12.14,91.49,0.768,57157.94156141448,GFU,GOLD,1.03,1.67,0.0,0.0,1.0,0.0,0.0,1.0,0.6583060867959851,20.30975900040336,0.52575,1.6042221709619486,0.21284729719027376,3.396348526092976
108,108,50771014,126405,-1.49,139.79,0.282,57168.01697966309,GFU,BRONZE,1.91,5.45,0.0,0.0,1.0,0.0,0.0,1.0,0.35442881384435054,15.689345842757211,0.8985,2.435959285373108,-0.020834841125344984,4.830674285303773
109,109,50123696,126423,9.63,333.37,0.27,57174.01819277732,GFU,BRONZE,2.38,4.13,0.0,0.0,1.0,0.030399297978224715,0.34325196251213774,0.24,5.609430649369144,24.04568908433712,0.092,5.841245955279081,0.17273267781605114,2.6767662836451125
110,110,1581608,126456,0.3,49.53,0.313,57182.02652179277,GFU,BRONZE,1.27,2.2,0.0,0.0,1.0,0.0,0.0,1.0,4.812377998576068,46.15357209770164,0.104,0.8793834836526427,0.00021577985809851557,3.1499999002562937
111,111,35956042,126456,0.22,245.43,0.305,57182.18015402858,GFU,BRONZE,1.97,2.9,0.0,0.0,1.0,4.806940192335114,1.6626238005229903,0.0228,0.0,1.0,1.0,6.280117345603815,0.7297276562269662,2.0
112,112,73786337,126514,0.86,71.89,0.286,57198.63994560632,GFU,BRONZE,4.220000000000001,9.05,0.0,0.0,1.0,3.706516890858623,1.659181732415192,0.1188,8.216678992358721,50.71433836745258,0.1625,1.277092896708529,0.005693941157593644,3.947142159582385
113,113,20091930,126515,19.08,306.43,0.456,57198.73160683759,GFU,BRONZE,2.09,4.04,0.0,0.0,1.0,0.0,0.0,1.0,3.0759186022413942,34.73328595586806,0.33525,5.347846951873031,0.3240697743219874,3.2067787848848264
114,114,19175993,126620,26.36,326.29,0.841,57217.90971640158,GFU,GOLD,4.08,2.81,0.0,0.0,1.0,0.0,0.0,1.0,2.705087074120991,25.64251077705315,0.40075,5.68800087455012,0.4537395543536002,4.649999344359017
115,115,23477554,126703,-17.15,221.75,0.199,57243.32199463605,GFU,BRONZE,0.39,0.5700000000000001,0.0,0.0,1.0,0.0,0.0,1.0,0.0,1.0,1.0,6.280117345603815,0.7297276562269662,2.0
116,116,29833358,126717,30.09,317.59,0.439,57246.31776017207,GFU,BRONZE,4.74,9.76,0.0,0.0,1.0,0.33534259713972725,0.7764953960318035,0.3772,1.8748645742703207,26.654190187202357,0.851,5.593494726736566,0.5370563650580844,3.327990794459158
117,117,53509959,126718,6.17,328.27,0.831,57246.75908975384,GFU,GOLD,1.02,1.63,0.0,0.0,1.0,2.9923157556100684,2.148027618251736,0.0356,0.0,1.0,1.0,6.280117345603815,0.7297276562269662,2.0
118,118,62990844,126769,-2.35,325.9,0.35,57257.62259727911,GFU,BRONZE,4.699999999999999,7.640000000000001,0.0,0.0,1.0,5.854993331857633,2.702237901738098,0.0568,5.5842927276177345,55.78377431004589,0.33525,5.721565906993625,-0.010326341487764087,3.4171430331138617
119,119,67205547,126798,34.0,54.76,0.579,57265.21781542625,GFU,GOLD,2.34,1.84,0.0,0.0,1.0,0.0,0.0,1.0,7.148743154376408,51.66347345789712,0.029,0.9575337343689423,0.6038953752447811,3.849999944075781
120,120,38566267,126812,28.08,133.77,0.741,57269.75966081816,GFU,GOLD,1.06,1.41,0.0,0.0,1.0,0.0,0.0,1.0,0.5824773204460234,16.52343932935813,0.4205,2.3373691614279606,0.4878750848319557,4.183388182194624
121,121,8902133,126848,30.35,129.68,0.426,57279.87493400848,GFU,BRONZE,3.17,4.48,0.0,0.0,1.0,0.0,0.0,1.0,2.4992982812166122,28.91363395562061,0.48625,2.2655864621180664,0.5343578806029671,4.083165093626807
122,122,17477746,126860,-2.95,49.83,0.28,57283.54571304107,GFU,BRONZE,2.6900000000000004,6.24,0.0,0.0,1.0,2.3168870210046464,2.418629396720558,0.1352,1.0178007249032763,19.1699708375521,0.76025,0.8826833959469916,-0.05000136108523796,3.634305408630662
123,123,14025085,126863,30.35,279.54,0.674,57284.20566484769,GFU,GOLD,3.69,4.05,0.0,0.0,1.0,0.0,0.0,1.0,0.0,1.0,1.0,6.280117345603815,0.7297276562269662,2.0
124,124,30560694,126878,3.96,103.23,0.334,57288.0267907843,EHE,GOLD,1.35,1.84,0.0,0.0,1.0,0.0,0.0,1.0,0.0,1.0,1.0,6.280117345603815,0.7297276562269662,2.0
125,125,6416344,126911,-4.56,194.55,0.296,57291.90119021698,EHE,GOLD,1.57,2.02,0.0,0.0,1.0,0.0,0.0,1.0,0.0,1.0,1.0,6.280117345603815,0.7297276562269662,2.0
126,126,9961785,126976,52.37,178.72,0.516,57308.12441298802,GFU,BRONZE,2.22,2.26,0.0,0.0,1.0,0.0,0.0,1.0,0.0,1.0,1.0,6.280117345603815,0.7297276562269662,2.0
127,127,59479399,126989,19.95,197.53,0.754,57312.67572957463,GFU,GOLD,5.3,5.18,0.0,0.0,1.0,9.306260291396233,2.4780537544905097,0.0104,4.713981883205988,20.172768800053074,0.341,3.443516008585741,0.3338390395556667,2.6499974322084126
128,128,69211097,127112,12.71,76.16,0.957,57340.87348405651,GFU,GOLD,1.38,2.72,0.0,0.0,1.0,0.0,0.0,1.0,9.490005441819978,23.530754088373396,0.007,1.3132270120276068,0.22053325630823734,2.3243189333744954
129,129,9907321,127154,-2.24,262.05,0.637,57348.5316095805,GFU,GOLD,1.3,1.93,0.0,0.0,1.0,0.0,0.0,1.0,0.5871978699167872,19.409278321328596,0.534,4.578668293089089,-0.04240558189736422,3.646512352534315
130,130,17650073,127357,5.0,79.41,0.566,57391.44384330693,GFU,GOLD,1.83,1.58,0.0,0.0,1.0,0.0,0.0,1.0,0.0,1.0,1.0,6.280117345603815,0.7297276562269662,2.0
131,131,54505431,127495,-14.9,263.76,0.146,57415.18345819237,EHE,GOLD,2.28,2.9000000000000004,0.0,0.0,1.0,0.0,0.0,1.0,0.7160892151045903,6.835323982822176,0.93125,4.59887440208116,-0.2580631654147893,3.8291542517639434
132,132,48070937,127603,60.06,311.87,0.596,57443.88039407472,GFU,GOLD,3.02,3.96,0.0,0.0,1.0,1.4210854715202004e-14,0.0,1.0,0.0,1.0,1.0,6.280117345603815,0.7297276562269662,2.0
133,133,18431575,127650,10.47,91.32,0.28,57454.69665795971,GFU,BRONZE,7.19,15.74,0.0,0.0,1.0,0.0,0.0,1.0,6.763632881357749,56.02653996520855,0.47575,1.6201973613114913,0.15010371599921327,3.6284951575294615
134,134,55820225,127742,15.48,151.22,0.851,57478.56517147233,GFU,GOLD,1.39,1.32,0.0,0.0,1.0,0.0,0.0,1.0,0.0,1.0,1.0,6.280117345603815,0.7297276562269662,2.0
135,135,45902607,127790,-4.07,235.63,0.367,57488.7345027906,GFU,BRONZE,2.17,2.68,0.0,0.0,1.0,0.0,0.0,1.0,1.140933181128526,10.48593343408629,0.27325,4.101113566409291,-0.07726645277862297,2.371887171737845
136,136,67093193,127853,9.71,240.29,0.451,57505.24481760429,HESE,BRONZE,0.99,0.92,0.0,0.0,1.0,0.0,0.0,1.0,0.0,1.0,1.0,6.280117345603815,0.7297276562269662,2.0
137,137,25056152,127910,1.9,352.88,0.393,57518.66395275027,EHE,GOLD,1.42,3.21,0.0,0.0,1.0,0.0,0.0,1.0,0.8679353029369619,31.789685550581876,0.647,6.180816812034863,0.02805949305197521,3.8499998706182725
138,138,69069846,128034,4.67,16.52,0.249,57551.43429290814,GFU,BRONZE,2.39,1.06,0.0,0.0,1.0,0.0,0.0,1.0,0.0,1.0,1.0,6.280117345603815,0.7297276562269662,2.0
139,139,17929326,128065,40.82,214.76,0.413,57553.52619622136,GFU,BRONZE,7.31,7.29,0.0,0.0,1.0,0.0,0.0,1.0,2.7258198861344756,8.365246772939914,0.858,3.780966187178526,0.6860391307931928,2.3971991955299985
140,140,65335330,128067,12.64,304.32,0.41,57554.40430995815,GFU,BRONZE,2.67,2.68,0.0,0.0,1.0,0.0,0.0,1.0,0.2978092865421562,30.085238478761077,0.7535,5.318713691817853,0.20463059028562777,3.749998224953224
141,141,54386016,128209,0.6,351.43,0.278,57576.1679717178,GFU,BRONZE,1.94,3.83,0.0,0.0,1.0,0.0,0.0,1.0,0.7066564339597265,17.805321325501136,0.756,6.130820846504477,0.004262994600171703,3.8990696677136905
142,142,44251618,128253,29.23,60.25,0.368,57589.9135279203,GFU,BRONZE,11.19,19.6,0.0,0.0,1.0,1.4638288782839783,0.9698563008995832,0.6772,,,,,,
143,143,49218472,128278,14.67,113.12,0.296,57596.34413697475,GFU,BRONZE,2.2,3.47,0.0,0.0,1.0,4.109341056307404,1.0267141004983364,0.0312,0.0,1.0,1.0,6.280117345603815,0.7297276562269662,2.0
144,144,6888376,128290,-0.3,214.58,0.441,57600.07990202622,HESE,BRONZE,1.12,1.1,0.0,0.0,1.0,0.0,0.0,1.0,0.0,1.0,1.0,6.280117345603815,0.7297276562269662,2.0
145,145,15195696,128292,20.07,312.63,0.385,57600.78487911152,GFU,BRONZE,4.69,6.95,0.0,0.0,1.0,1.7587596757497224,1.6207775506588464,0.2184,2.630416767750988,3.818329662942881,0.74,5.442265309569816,0.32739360996235534,1.9749525844606932
146,146,26552458,128311,-0.71,122.78,0.578,57606.51496299994,GFU,GOLD,1.12,2.11,0.0,0.0,1.0,0.0,0.0,1.0,0.0,1.0,1.0,6.280117345603815,0.7297276562269662,2.0
147,147,9739548,128334,48.83,86.99,0.527,57612.68415338799,GFU,BRONZE,19.95,30.58,0.0,0.0,1.0,9.25775392529528,1.0447484816497232,0.1064,,,,,,
148,148,58537957,128340,-32.13,200.04,0.607,57614.90687586575,HESE,GOLD,2.99,5.800000000000001,0.0,0.0,1.0,2.881228252922102,0.9839288901089964,0.162,1.6849569524458867,9.74642241145803,0.98375,3.530995536079607,-0.5493018086660266,4.3306471438139065
149,149,14557367,128547,1.34,241.13,0.508,57655.74106664507,GFU,GOLD,6.199999999999999,10.81,0.0,0.0,1.0,4.07940738947027,1.3393801282713318,0.1856,3.497422760849325,31.939545601448504,0.889,4.228056922667955,0.03989819449983404,2.9297989316333313
150,150,21044380,128567,37.12,192.57,0.639,57662.43916514374,GFU,GOLD,4.0,4.57,0.0,0.0,1.0,0.0,0.0,1.0,1.6683355526017465,35.77435779139715,0.66675,3.3480236916293626,0.6123910710693317,4.033409323600796
151,151,54200591,128606,-7.48,190.06,0.252,57673.61257692857,GFU,GOLD,5.16,6.24,0.0,0.0,1.0,1.7763568394002505e-15,0.0,0.5764,6.65941151678944,16.893845674567892,0.31525,3.32273013566066,-0.1349303188225559,2.488797476861645
152,152,62194858,128632,23.72,121.42,0.434,57682.30923513319,GFU,BRONZE,3.95,5.54,0.0,0.0,1.0,2.9488683063636536,0.9798385079858261,0.088,8.646967578682654,12.723888381333191,0.06075,2.1390518342439346,0.38770484215161277,2.1058112119298196
153,153,44166050,128651,1.53,119.0,0.376,57688.56969003272,GFU,BRONZE,4.71,5.18,0.0,0.0,1.0,7.0368947230561725,1.5738174640446965,0.0292,5.282707800270583,53.300902996549944,0.32425,2.0398942714779085,0.0076536350511016635,3.0355248671211776
154,154,38561326,128672,12.52,40.87,0.311,57695.38022137248,HESE,BRONZE,1.7599999999999998,1.62,0.0,0.0,1.0,0.0,0.0,1.0,6.301052004027448,5.676876340996853,0.046,0.7201865976099965,0.2184932357620965,1.5900435882254402
155,155,32356079,128755,1.6,78.66,0.504,57709.33199321103,GFU,GOLD,3.69,3.78,0.0,0.0,1.0,0.0,0.0,1.0,9.633065180211627,27.19684280663864,0.04375,1.386418601204866,0.04689218969893401,2.582611642120069
156,156,76992952,128785,-0.11,140.01,0.403,57717.4301438235,GFU,BRONZE,1.61,3.34,0.0,0.0,1.0,0.0,0.0,1.0,2.631280023029948,37.823007833223734,0.36875,2.432893529586654,-0.005208356881161959,4.21686062574487
157,157,26367207,128796,73.27,257.55,0.453,57719.66475003057,GFU,BRONZE,15.670000000000002,65.69,0.0,0.0,1.0,0.19278584437765445,0.6030812706355175,0.9724,,,,,,
158,158,80127519,128906,15.25,46.36,0.38,57732.83796659917,EHE,GOLD,2.01,3.29,0.0,0.0,1.0,1.5569360249561552,0.9126233161237878,0.106,3.9036102379123374,48.06266184910676,0.2285,0.8191646115484187,0.2809762694727616,3.1635542855798637
159,159,17750653,128967,17.78,61.79,0.417,57746.53736344514,GFU,BRONZE,3.02,4.87,0.0,0.0,1.0,0.0,0.0,1.0,1.8950972350196267,22.55134649121677,0.65275,1.0856143695260105,0.30141844383981536,3.071355706912761
160,160,20626582,129020,8.16,309.95,0.535,57758.14192253704,GFU,GOLD,5.34,12.57,0.0,0.0,1.0,0.7179427630720476,0.7239145754109748,0.6236,4.674494687099485,58.72633204785363,0.615,5.488583259054824,0.1305790989812552,3.849751735553079
161,161,66284903,129144,33.2,180.35,0.462,57790.54898658779,GFU,BRONZE,4.01,9.05,0.0,0.0,1.0,0.0,0.0,1.0,16.852146842006515,81.99318940886845,0.00175,3.123350450111393,0.5565147328178925,3.891544327431137
162,162,11436007,129153,16.84,99.67,0.431,57792.12812411078,GFU,BRONZE,3.1500000000000004,5.89,0.0,0.0,1.0,0.0,0.0,1.0,0.8426712634624351,15.930663812323258,0.87,1.7628709856940576,0.2984716519197493,2.697879018572005
163,163,45298080,129154,4.59,92.81,0.328,57792.59523275074,GFU,BRONZE,2.1,2.28,0.0,0.0,1.0,0.0,0.0,1.0,0.41224774553911914,19.14073954753388,0.59875,1.6098453380443976,0.08190639829358579,2.921544793214167
164,164,51118868,129232,4.26,205.09,0.267,57811.06487576161,GFU,BRONZE,2.21,5.85,0.0,0.0,1.0,0.0,0.0,1.0,10.804966302824472,68.16923409016682,0.011,3.5824123721676004,0.07128636791491327,4.096664337684849
165,165,34234803,129267,5.53,155.35,0.254,57820.92487656164,GFU,BRONZE,1.88,3.21,0.0,0.0,1.0,4.915044564659647,2.5432859438932356,0.0188,5.135135376648703,39.64479368908362,0.13475,2.7056913783654055,0.09388787374630884,3.0757048884232767
166,166,80305071,129307,-15.06,98.26,0.242,57833.31412844517,EHE,GOLD,2.24,2.24,0.0,0.0,1.0,0.0,0.0,1.0,0.6190312022387436,10.701241710600987,0.92625,1.7293828697889584,-0.26154518013207967,3.8378395032643735
167,167,59928529,129420,5.53,240.95,0.391,57865.64570820188,GFU,BRONZE,1.84,9.05,0.0,0.0,1.0,0.0,0.0,1.0,4.466240873277597,46.42261452579013,0.37025,4.248505307551125,0.09941463674520629,3.7158641924684326
168,168,58903823,129434,-0.6,5.32,0.383,57870.31372715437,GFU,BRONZE,2.98,9.75,0.0,0.0,1.0,0.0,0.0,1.0,4.543212401465317,37.750172605550354,0.46525,0.05569619051351576,-0.006449909125923967,3.9860581188608704
169,169,21161807,129506,18.6,311.97,0.338,57887.17462612477,GFU,BRONZE,3.2,3.43,0.0,0.0,1.0,0.0,0.0,1.0,2.342966514443501,5.2323217304138545,0.54075,5.461788514189569,0.3527019985490429,2.0970988336157355
170,170,49650572,129506,30.65,227.37,0.553,57887.3001509515,GFU,GOLD,2.39,2.33,0.0,0.0,1.0,0.0,0.0,1.0,1.11481475440487,19.298905574037928,0.4265,3.9638063543508495,0.5296233394121582,3.72789185992344
171,171,51402681,129550,26.49,178.59,0.422,57900.06963858731,GFU,BRONZE,7.27,6.24,0.0,0.0,1.0,0.0,0.0,1.0,9.223466938118996,36.101709909396085,0.07175,3.103146006122894,0.4079534199966352,2.5683385933603526
172,172,8332254,129654,25.08,74.97,0.367,57925.19120971263,GFU,BRONZE,11.77,15.03,0.0,0.0,1.0,2.5962037035540155,1.3271658163701805,0.5024,5.192902523811429,11.267157361652341,0.844,1.3244792564675083,0.48012797427826753,2.2358510556285767
173,173,55886338,129677,8.8,280.99,0.547,57930.51931610766,GFU,GOLD,2.03,4.66,0.0,0.0,1.0,0.0,0.3728154604976454,1.0,4.052841402237476,41.09030041798655,0.16975,4.9183832600311606,0.15593923173233365,3.3499982994717774
174,174,49353375,129701,23.36,230.45,0.602,57938.29260240479,GFU,GOLD,1.99,3.38,0.0,0.0,1.0,0.0,0.0,1.0,0.6990813798787499,7.586287915422596,0.656,4.015961702684608,0.4126536798468221,2.4936227667305646
175,175,67372962,129777,25.16,208.39,0.866,57951.81765905026,GFU,GOLD,2.76,2.86,0.0,0.0,1.0,4.206724229248151,1.874715326854701,0.024,4.196505111919355,4.18186621614148,0.18725,3.6354053562197772,0.4482282270558372,1.9796213357976329
176,176,33565191,129855,4.63,1.1,0.561,57968.08384779975,GFU,GOLD,0.82,6.24,0.0,0.0,1.0,1.6194446256096566,0.8825511781082798,0.1912,1.2931378147225345,24.589607501983508,0.7535,0.06442719309119693,0.07820469193475432,3.344587916993193
177,177,40814378,129878,-2.28,21.27,0.598,57974.59705961282,GFU,GOLD,1.27,1.8,0.0,0.0,1.0,0.0,0.0,1.0,3.3353185404066625,30.500958116789235,0.1535,0.37379014964793933,-0.038738832815600574,3.524037395787763
178,178,72252401,129915,18.88,26.98,0.509,57984.2758042185,GFU,BRONZE,2.21,4.88,0.0,0.0,1.0,1.0305762147893487,0.9364695419713499,0.168,7.111901401324587,51.85170231514532,0.0875,0.48099112567082214,0.31998335634538294,3.3716733852307796
179,179,32926212,129933,12.37,41.92,0.489,57989.5537508031,GFU,GOLD,2.76,6.59,0.0,0.0,1.0,0.0,0.0,1.0,12.555445946889652,4.842552547343466,0.00875,0.7148791113733673,0.21792377103873997,1.434173398261033
180,180,50579430,130033,5.79,77.43,0.631,58018.87118560489,GFU,GOLD,1.05,1.89,0.0,0.0,1.0,0.0,0.0,1.0,1.6339865790569075,17.511193400487517,0.36675,1.3529710549151353,0.09912056165124072,2.747944838886394
181,181,7858514,130034,-2.54,173.45,0.563,58019.0213003793,GFU,GOLD,2.21,4.92,0.0,0.0,1.0,0.0,0.0,1.0,1.0955766386159418,6.0285673850082615,0.6915,3.007985664266456,-0.041373119700430894,2.2772650353289943
182,182,30964247,130092,17.23,132.63,0.37,58032.3078085121,GFU,BRONZE,1.7200000000000002,3.65,0.0,0.0,1.0,0.0,0.0,1.0,3.9692374403314385,59.08136630037021,0.1535,2.2829925959086106,0.29278396625352626,3.933631033950933
183,183,56068624,130126,-15.48,162.91,0.554,58041.06562575943,HESE,GOLD,3.6,4.7,0.0,0.0,1.0,0.0,0.0,1.0,5.277758128989017,19.953213778960126,0.57825,2.865000260221219,-0.30001323070366265,3.240845369624436
184,184,52824390,130172,2.05,294.52,0.337,58054.76477464011,GFU,BRONZE,5.41,6.94,0.0,0.0,1.0,8.704127572404115,1.3555059585641487,0.0136,11.37894685715063,64.75508836941727,0.0295,5.1102914869020015,0.02508823976094838,3.6229621151044853
185,185,17569642,130214,7.44,340.14,0.975,58063.7775372039,GFU,GOLD,0.56,1.24,0.0,0.0,1.0,0.6080375932505735,0.9007484876645648,0.1092,0.0,1.0,1.0,6.280117345603815,0.7297276562269662,2.0
186,186,11599241,130220,-20.7,269.65,0.179,58065.75475047243,GFU,BRONZE,0.32,0.4,0.0,0.0,1.0,0.0,0.0,1.0,0.0,1.0,1.0,6.280117345603815,0.7297276562269662,2.0
187,187,84363835,130561,3.92,206.1,0.424,58135.75220559863,HESE,BRONZE,1.49,2.33,0.0,0.0,1.0,0.0,0.0,1.0,8.523170953611206,62.80635159212994,0.0155,3.585842559288809,0.07061531563526045,4.094673183676668
188,188,44934051,130588,8.01,77.12,0.788,58141.6770674525,GFU,GOLD,0.8999999999999999,5.4,0.0,0.0,1.0,0.0,0.0,1.0,1.403694909646613,21.54691917501314,0.446,1.3397930795560438,0.14000702293355197,3.8149383307241496
189,189,55489144,130597,23.77,207.51,0.362,58143.97573521594,GFU,BRONZE,1.14,1.58,0.0,0.0,1.0,0.0,0.0,1.0,7.109574193192092,56.96313303322296,0.02425,3.632354300697617,0.40756689181334066,3.3499999282679283
190,190,37366501,130639,-10.54,17.4,0.229,58154.00422026594,GFU,BRONZE,1.48,2.28,0.0,0.0,1.0,0.0,0.0,1.0,2.2665319443033987,12.148368861508748,0.6095,0.3107263845335409,-0.18514038867695395,3.648768959993423
191,191,80612787,130684,6.09,66.97,0.273,58162.37782304162,GFU,BRONZE,3.67,5.05,0.0,0.0,1.0,0.0,0.0,1.0,3.751070336547551,33.481850539103995,0.42525,1.1669735490518738,0.10981024878995448,3.192051935116705
192,192,25740057,130743,26.4,294.79,0.424,58177.57240411086,GFU,BRONZE,1.91,3.56,0.0,0.0,1.0,0.0,0.0,1.0,0.0,1.0,1.0,6.280117345603815,0.7297276562269662,2.0
193,193,67186364,130797,5.53,287.18,0.388,58190.67858044863,GFU,BRONZE,0.6000000000000001,3.21,0.0,0.0,1.0,0.0,0.0,1.0,0.0,1.0,1.0,6.280117345603815,0.7297276562269662,2.0
194,194,16289732,130801,0.78,58.71,0.36,58191.80396382706,GFU,BRONZE,2.02,3.56,0.0,0.0,1.0,0.2252262396722604,1.1670585967786289,0.2532,1.5829484170067172,29.155088001238052,0.663,1.0381797588762727,0.01562562903982418,3.449999957743176
195,195,3160265,130807,-1.42,271.71,0.391,58193.24266207089,GFU,BRONZE,2.5,4.62,0.0,0.0,1.0,5.091769797678553,2.163300283037201,0.0372,1.7819882990793339,18.39894761442944,0.69,4.728580224166389,-0.028702972039735035,2.8127375492531637
196,196,76035104,130912,0.56,218.5,0.6,58218.77679461517,GFU,GOLD,1.46,2.06,0.0,0.0,1.0,0.0,0.0,1.0,5.179898757373932,56.271630872649574,0.096,3.7838055184573864,0.017825232024252693,3.085906323364537
197,197,35022693,130932,-4.41,305.73,0.577,58225.2785126638,GFU,GOLD,1.42,5.18,0.0,0.0,1.0,0.14224833190212927,0.9150660877226632,0.278,3.669749213350972,34.47017275170521,0.171,5.326855125776742,-0.08389767672179048,4.230847602328094
198,198,32665194,131096,0.3,312.19,0.278,58266.50625455115,GFU,BRONZE,1.79,2.81,,,,,,,,,,,,
199,199,60192271,131134,-1.08,69.08,0.396,58277.59689648438,GFU,BRONZE,1.56,3.04,0.0,0.0,1.0,0.0,0.0,1.0,0.0,1.0,1.0,6.280117345603815,0.7297276562269662,2.0
200,200,43542963,131145,3.73,338.69,0.25,58281.19039700799,GFU,BRONZE,6.51,10.81,0.0,0.0,1.0,0.0,0.0,1.0,6.191300780889956,50.99426287885706,0.511,5.976222949100769,0.0514722624743364,3.0473565504699986
201,201,9342044,131165,11.53,38.06,0.415,58282.98236039212,GFU,BRONZE,9.06,10.1,0.0,0.0,1.0,1.0607002486135353,1.0204899106306276,0.5552,14.93393653058696,6.686585556035824,0.0105,0.7154424367938205,0.21524499627104998,1.4779896497126572
202,202,73241305,131321,-17.74,74.14,0.178,58327.84471313767,GFU,BRONZE,1.1,0.79,0.0,0.0,1.0,0.0,0.0,1.0,0.0,1.0,1.0,6.280117345603815,0.7297276562269662,2.0
203,203,57649537,131360,11.15,100.37,0.276,58337.20231338376,GFU,BRONZE,5.1,9.05,0.0,0.0,1.0,1.7144363192912517,1.4237633383967203,0.2892,7.575330943577388,8.80644888290479,0.17275,1.7348722777887182,0.18781548231279654,2.1310811822400333
204,204,34507973,131475,-2.39,144.98,0.3,58369.83300749986,EHE,GOLD,2.28,3.69,0.0,0.0,1.0,3.797856877784257,1.4272411001128467,0.0488,0.2601147950270706,20.19217898952138,0.82325,2.53669194271505,-0.05090060335957915,3.328494307285096
205,205,57977901,131477,26.94,141.37,0.533,58370.60418386328,GFU,BRONZE,1.88,2.3200000000000003,0.0,0.0,1.0,0.0,0.0,1.0,0.0,1.0,1.0,6.280117345603815,0.7297276562269662,2.0
206,206,27561842,131519,32.84,258.4,0.478,58380.06513011518,GFU,BRONZE,1.69,2.98,0.0,0.0,1.0,0.0,0.0,1.0,2.574579171143453,28.334885396417363,0.26475,4.516039439539534,0.5775438133695027,3.975757648803579
207,207,39194539,131602,1.23,77.08,0.267,58399.77940579056,GFU,BRONZE,2.39,6.24,0.0,0.0,1.0,0.0,0.0,1.0,5.3247222761406405,43.62572900106009,0.28775,1.3517906353697826,0.04316606434253262,2.8639836116448705
208,208,12296708,131624,-34.95,225.22,0.386,58405.49466518118,HESE,BRONZE,3.01,4.0,0.0,0.0,1.0,0.0,0.0,1.0,3.205787596739891,11.088556660656225,0.5365,3.932068287211498,-0.6179312384533363,2.508592159824293
209,209,53411354,131653,-8.42,270.18,0.153,58414.69273902958,EHE,GOLD,2.68,3.6,0.0,0.0,1.0,0.0,0.0,1.0,1.588881402325292,25.48243200179426,0.459,4.6918705102837235,-0.14134756845007296,3.32512782713274
210,210,63430929,131653,21.54,78.27,0.427,58414.73594511725,GFU,BRONZE,1.89,2.68,0.0,0.0,1.0,0.0,0.0,1.0,0.0,1.0,1.0,6.280117345603815,0.7297276562269662,2.0
211,211,47815348,131746,18.84,6.02,0.438,58436.94464815189,GFU,BRONZE,1.85,3.87,0.0,0.0,1.0,0.0,0.0,1.0,2.000194220078553,39.532517649077214,0.397,0.08495175743726578,0.3355175416497267,3.6236842302686054
212,212,48222919,131764,11.72,25.71,0.537,58442.70870605052,GFU,GOLD,6.91,10.81,0.0,0.0,1.0,0.0,0.0,1.0,4.293306954242897,8.38537333596899,0.6935,0.4613740056934575,0.17584003242511856,2.096922339849293
213,213,7377802,131767,51.74,324.58,0.571,58442.94364599242,GFU,BRONZE,16.23,16.78,0.0,0.0,1.0,2.980234154373181,1.3443060515312675,0.3768,7.2666293466728344,32.2817410221717,0.5085,5.604484034375638,0.8971318411010256,2.7434188691753674
214,214,80926380,131768,32.93,132.19,0.645,58443.57996791468,GFU,GOLD,7.76,14.33,0.0,0.0,1.0,4.500809394163085,1.0455051504398793,0.1828,4.295274396274822,37.685609208037505,0.8325,2.258037823605068,0.5786270495624851,4.024700435579476
215,215,38717715,131913,-31.0,316.41,0.459,58464.08522982179,HESE,BRONZE,3.26,3.87,0.0,0.0,1.0,1.578049520424365,0.8348046766828285,0.1716,7.069692543580908,19.851120384062405,0.20375,5.501143389150106,-0.5489091467716745,2.7921436449705195
216,216,80110393,132043,-0.82,56.91,0.386,58496.08852740324,GFU,BRONZE,1.5699999999999998,3.04,0.0,0.0,1.0,0.0,0.0,1.0,2.1333309391519713,26.74468339533836,0.41,0.993994024147336,-0.01747872443224725,3.243045507511971
217,217,9759013,132077,-32.22,307.44,0.743,58507.15549527989,HESE,GOLD,1.27,1.67,0.0,0.0,1.0,0.5300299088867686,0.6500148042815302,0.09,1.9040043922467156,10.681780278440407,0.56625,5.3789684073919855,-0.560313564797678,2.249998773185817
218,218,69441226,132128,38.78,245.08,0.533,58515.01567125964,GFU,BRONZE,1.44,1.63,0.0,0.0,1.0,0.0,0.0,1.0,0.7991520632661198,4.1976776192767735,0.3675,4.27117637861204,0.6666079164323402,2.074765233287215
219,219,36575563,132206,-4.14,228.25,0.738,58528.67267812246,GFU,GOLD,0.6699999999999999,1.32,0.0,0.0,1.0,0.0,0.0,1.0,0.34782818853267905,16.87616115381566,0.18175,3.979146163775479,-0.07298143613115358,3.6499997563782918
220,220,66688965,132229,-17.0,268.59,0.55,58535.3511541588,HESE,GOLD,1.75,2.99,0.0,0.0,1.0,3.477048662575915,0.9617938594605752,0.0668,4.857668259864166,10.587016275479572,0.28125,4.672245587938434,-0.2887543321390135,2.6202922780543854
221,221,23969090,132237,19.67,155.21,0.512,58537.85004745611,GFU,BRONZE,0.72,1.36,0.0,0.0,1.0,0.0,0.0,1.0,0.0,1.0,1.0,6.280117345603815,0.7297276562269662,2.0
222,222,28454069,132321,3.21,81.25,0.26,58559.83187810989,GFU,BRONZE,8.0,11.87,0.0,0.0,1.0,4.394398302452462,1.1966833492034583,0.2196,11.547924090539201,22.71277864881347,0.06,1.3865813300974776,0.04729406503775609,2.5270162132260316
223,223,70353420,132427,12.22,310.61,0.28,58583.43633810319,GFU,BRONZE,5.119999999999999,6.949999999999999,0.0,0.0,1.0,0.0,0.0,1.0,5.517908057739243,37.57498259901422,0.32875,5.425988190541911,0.19550163960924524,2.819446548002413
224,224,16335312,132437,11.72,219.33,0.292,58586.44998255463,GFU,BRONZE,1.44,2.02,0.0,0.0,1.0,0.009859033578710652,0.49149776826167074,0.2028,0.0,1.0,1.0,6.280117345603815,0.7297276562269662,2.0
225,225,67132865,132437,21.98,245.57,0.383,58586.66460083455,GFU,BRONZE,2.65,2.72,0.0,0.0,1.0,0.07380848717756106,0.5182605359526256,0.208,0.41489216376223936,13.487019541626136,0.67475,4.283943211419337,0.3859543637345298,4.04999515809381
226,226,12627143,132443,5.27,154.86,0.298,58588.43730676967,GFU,BRONZE,4.43,7.640000000000001,0.0,0.0,1.0,0.0,0.7334274442901384,1.0,8.563714858463038,56.46446385604785,0.10625,2.684183103092792,0.09167801764484837,3.7130683501419393
227,227,3856549,132465,17.39,166.9,0.513,58595.24979249506,GFU,BRONZE,4.5600000000000005,6.24,0.0,0.0,1.0,0.0,0.0,1.0,4.02505411083379,21.642495732648058,0.4955,2.9501503586841,0.2976483018090799,2.587350864780965
228,228,42419327,132508,6.43,120.19,0.341,58606.72440656845,EHE,GOLD,1.4300000000000002,1.32,0.0,0.0,1.0,0.0,0.0,1.0,1.4064342740233684,23.63400381796612,0.31,2.0985016938331245,0.10687607890739374,2.9648860677329565
229,229,766165,132518,-37.26,65.17,0.386,58607.7675740006,HESE,BRONZE,1.7000000000000002,2.81,0.0,0.0,1.0,0.0,0.0,1.0,2.2073104120203153,9.970877665301243,0.497,1.1482347446085976,-0.6440107619391596,3.163759662301079
230,230,42662743,132577,12.6,127.88,0.816,58618.45061140577,GFU,GOLD,0.96,1.62,0.0,0.0,1.0,0.0,0.0,1.0,0.0,1.0,1.0,6.280117345603815,0.7297276562269662,2.0
231,231,5635104,132684,26.57,312.19,0.606,58647.82937645641,GFU,GOLD,1.46,1.4500000000000002,0.0,0.0,1.0,0.582106330815205,1.3543769997931887,0.1056,0.0,1.0,1.0,6.280117345603815,0.7297276562269662,2.0
232,232,54984442,132707,10.28,343.52,0.547,58653.5515977822,GFU,GOLD,4.779999999999999,7.29,0.0,0.0,1.0,1.654200631835257,0.9764702514662618,0.2456,3.0701613859206667,35.50613575845421,0.63125,6.0103350096897,0.16591701260056507,4.128594664890914
233,233,5390846,132768,84.56,29.12,0.343,58663.80850834146,GFU,BRONZE,9.06,158.33,0.0,0.0,1.0,0.0,0.0,1.0,5.463770591343071,2.9094862677094935,0.128,0.3914360018409796,1.4413561609259553,1.3676617239805435
234,234,60166398,132792,26.9,161.81,0.486,58668.78393812659,GFU,BRONZE,3.85,6.0600000000000005,0.0,0.0,1.0,0.0,0.0,1.0,5.988333756852295,29.70397365521939,0.18075,2.8516200785725934,0.4866995610266481,2.608925018455817
235,235,44222682,132814,12.75,76.64,0.304,58676.05228456779,GFU,BRONZE,7.609999999999999,12.22,0.0,0.0,1.0,0.0,0.0,1.0,12.599125787601409,18.223337545198543,0.04025,1.315189557073243,0.22016124005163193,2.0686030409081466
236,236,57145925,132910,10.77,226.14,0.67,58694.86853369251,GFU,GOLD,2.2,3.25,0.0,0.0,1.0,0.0,0.0,1.0,0.1810025170148979,14.856111751071802,0.7795,3.9374867400579006,0.18783687038415167,4.04861537192266
237,237,67924813,132974,1.45,148.54,0.293,58714.73222496411,GFU,BRONZE,1.6800000000000002,5.59,0.0,0.0,1.0,0.0,0.0,1.0,0.0,1.0,1.0,6.280117345603815,0.7297276562269662,2.0
238,238,81419,133091,-22.27,167.3,0.202,58748.40469477737,EHE,GOLD,6.7,5.53,0.0,0.0,1.0,1.9417626217402528,1.4949101465531767,0.4028,6.041567228446057,16.739217549404216,0.64075,2.9300166921688677,-0.42917544175734956,3.4336697602262083
239,239,52499868,133092,-1.53,5.71,0.504,58748.96105979347,GFU,GOLD,1.6800000000000002,2.46,0.0,0.0,1.0,0.0,0.0,1.0,0.0,1.0,1.0,6.280117345603815,0.7297276562269662,2.0
240,240,22683750,133119,12.79,313.99,0.59,58757.8397936808,GFU,GOLD,3.29,9.4,0.0,0.0,1.0,4.9356077048232,1.5290610860549423,0.076,8.211971701474605,6.142366994672754,0.11125,5.547671718788499,0.2305026359849832,1.9484507416320933
241,241,47828126,133331,3.77,229.31,0.451,58806.04270119005,GFU,GOLD,4.710000000000001,10.46,0.0,0.0,1.0,1.2425096273168814,0.7745434521910327,0.4784,1.7496150783815567,47.954176797431636,0.9675,4.080127799670196,0.048713224502016095,3.3293612270040334
242,242,80807014,133348,0.07,27.03,0.329,58809.94803814533,GFU,BRONZE,2.6500000000000004,4.7,0.0,0.0,1.0,8.732591122467099,1.9286150058993816,0.0084,11.419677688882507,69.01573240997196,0.01475,0.4584686197740893,0.0161318899301588,3.7487795263428505
243,243,27261780,133394,2.87,80.16,0.326,58821.94874207213,GFU,BRONZE,2.02,4.4,0.0,0.0,1.0,0.0,0.0,1.0,4.76877350409773,27.483010144030008,0.1725,1.3871373690134126,0.04673130299980661,2.830842657577045
244,244,29047901,133433,58.45,286.83,0.476,58832.46525037375,GFU,BRONZE,3.94,4.19,0.0,0.0,1.0,6.589152024798112,2.0900348752371336,0.0116,4.985450456002326,27.283801200997978,0.15925,5.037087300966568,1.010793558685253,2.7499999881650283
245,245,82361476,133572,20.11,48.47,0.464,58848.45840369244,GFU,BRONZE,8.21,13.63,0.0,0.0,1.0,5.320043376791954,1.84687451846481,0.142,4.7972397052669935,44.28629859570319,0.79725,0.794602048124762,0.29596880335893117,3.0498708731101454
246,246,37927131,133609,11.8,165.45,0.769,58857.98726780584,GFU,GOLD,2.47,7.99,0.0,0.0,1.0,0.0,0.0,1.0,2.942056244970935,32.868695844547176,0.56025,2.9139272831548144,0.1967668383042149,3.7175539869748633
247,247,1410505,133634,29.18,116.02,0.375,58865.46423253074,GFU,BRONZE,1.67,1.98,0.0,0.0,1.0,0.1563550207353015,0.5752220898978492,0.1592,0.34759222294836256,16.885934203300593,0.533,2.0292700913131836,0.5123494168910342,3.998478576449509
248,248,43767651,133644,-14.59,67.41,0.314,58868.78354813303,GFU,BRONZE,0.5,0.71,0.0,0.0,1.0,0.0,0.0,1.0,0.0,1.0,1.0,6.280117345603815,0.7297276562269662,2.0
249,249,24635982,133945,11.61,242.58,0.305,58949.97217001604,GFU,BRONZE,14.02,20.4,0.0,0.0,1.0,2.703989884623211,1.2973568109632638,0.7972,,,,,,
250,250,60770138,133985,8.23,87.93,0.333,58960.02458611799,GFU,BRONZE,3.89,6.24,0.0,0.0,1.0,0.0,0.0,1.0,6.939877722449202,57.52936827463825,0.1005,1.5625149362266912,0.140258416463846,3.5499708817157223
251,251,16038252,134013,53.72,99.97,0.481,58964.97692534277,GFU,BRONZE,3.94,7.76,0.0,0.0,1.0,3.4097136106588195,3.345618143547135,0.0808,0.0,1.0,1.0,6.280117345603815,0.7297276562269662,2.0
252,252,58268464,134081,15.79,295.18,0.322,58981.31351572679,GFU,BRONZE,2.52,3.91,0.0,0.0,1.0,0.0,0.7262162022152653,1.0,0.0,1.0,1.0,6.280117345603815,0.7297276562269662,2.0
253,253,58596690,134116,1.75,338.64,0.25,58992.10425457315,GFU,BRONZE,5.3,16.0,0.0,0.0,1.0,2.836374415748115,1.837745259712349,0.3428,7.107550401414797,54.1073404651172,0.437,6.069080808512755,0.021776977337552555,3.0858714468529684
254,254,35473338,134139,26.61,255.37,0.59,58999.32950733045,EHE,GOLD,5.57,5.01,0.0,0.0,1.0,0.0,0.0,1.0,5.776639800910292,35.697197324129974,0.269,4.466056217087254,0.4655862623243205,3.166716342448024
255,255,72386329,134187,31.61,33.84,0.415,59014.52872012802,GFU,BRONZE,4.96,11.16,0.0,0.0,1.0,0.0,0.0,1.0,14.57117992044074,75.06571437682807,0.004,0.5448619283071108,0.5652521125924462,3.6322353244883594
256,256,17593623,134191,3.66,142.95,0.828,59015.61756223327,GFU,GOLD,2.17,2.55,0.0,0.0,1.0,0.0,0.0,1.0,5.792665519746823,26.758097009968314,0.08325,2.497202875782011,0.061584855045032943,2.7187994297214426
257,257,33533447,134207,11.95,162.11,0.325,59020.12745696646,GFU,BRONZE,1.07,1.54,0.0,0.0,1.0,0.0,0.0,1.0,2.9330404370691063,34.47211429363343,0.162,2.829090328648742,0.20987059204875047,3.7500683484644637
258,258,59221243,134354,47.75,157.25,0.397,59067.57704206692,GFU,BRONZE,1.23,2.04,0.0,0.0,1.0,0.13733398654274176,0.476749966301026,0.152,0.0,1.0,1.0,6.280117345603815,0.7297276562269662,2.0
259,259,27754576,134482,38.11,51.11,0.408,59103.59706286398,GFU,BRONZE,4.28,15.38,0.0,0.0,1.0,0.0,0.0,1.0,4.992830252345133,26.852923440316406,0.30475,0.8843063122596113,0.691001701045517,2.940613817225148
260,260,12605830,134498,14.36,109.78,0.322,59108.8614694116,GFU,BRONZE,1.66,2.46,0.0,0.0,1.0,0.0,0.0,1.0,0.0,1.0,1.0,6.280117345603815,0.7297276562269662,2.0
261,261,71996695,134512,26.24,195.29,0.409,59113.79667700687,GFU,BRONZE,3.19,4.04,0.0,0.0,1.0,0.0,0.0,1.0,1.1351799696010154,13.687657951806482,0.67575,3.3891864795278375,0.4498275773257802,2.47390176393641
262,262,53384881,134533,-4.33,96.46,0.44,59118.32930116513,EHE,GOLD,1.35,1.23,0.0021868025797016494,0.05594646833501367,0.0067,0.0,0.0,1.0,0.0,1.0,1.0,6.280117345603815,0.7297276562269662,2.0
263,263,41069485,134535,32.93,184.75,0.434,59118.94131052108,GFU,BRONZE,2.04,5.19,0.0,0.0,1.0,0.0,0.0,1.0,1.290723162407632,5.463650382264421,0.67275,3.2152237315941425,0.5646940554426663,2.219230946780468
264,264,68615710,134552,3.47,29.53,0.475,59121.74209304676,GFU,GOLD,1.05,1.06,0.0,0.0,1.0,0.0,0.0,1.0,3.4934999951049335,38.19232479500605,0.1395,0.5136751032033008,0.05862083331567189,3.324432107240041
265,265,31638233,134577,5.34,265.17,0.885,59129.91793155675,GFU,GOLD,0.49,0.96,0.0,0.0,1.0,0.0,0.0,1.0,0.0,1.0,1.0,6.280117345603815,0.7297276562269662,2.0
266,266,66310113,134599,14.44,221.22,0.414,59136.0926797675,GFU,BRONZE,1.12,2.16,0.0,0.0,1.0,0.0,0.0,1.0,2.708156493983828,4.254380193953844,0.1795,3.8564277007445016,0.2526802551420786,1.7841264461500113
267,267,31008065,134621,14.55,260.82,0.297,59143.27624401794,GFU,BRONZE,2.0,3.38,0.0,0.0,1.0,1.893167859217301,1.6202312528692544,0.0812,3.9966243141003943,25.815927784021902,0.203,4.547804345094732,0.26363502394446625,2.8055000889047332
268,268,40735501,134698,5.87,105.73,0.562,59167.62884218325,GFU,GOLD,2.06,2.19,0.0,0.0,1.0,0.0,0.0,1.0,0.7004924498092322,14.062208737418834,0.7595,1.8395462679377717,0.11111236626969408,2.85461936904497
269,269,70289682,134699,1.38,195.12,0.46,59168.08849784114,GFU,GOLD,2.35,2.68,0.0,0.0,1.0,3.0324343604410946,1.0361669037943557,0.0632,2.771873864694699,15.153150379619634,0.397,3.3967321289946666,0.0354083725366191,2.420498608783623
270,270,65785778,134715,40.72,307.66,0.503,59173.40602495983,GFU,BRONZE,7.77,10.87,0.0,0.0,1.0,2.0669055454005187,1.0326923775128,0.28,14.272359678559855,65.59179761856593,0.01025,5.373879814536427,0.7775346418558668,3.9937325826808325
271,271,31476488,134751,-12.1,30.54,0.15,59183.84845457848,EHE,GOLD,2.25,2.37,0.0,0.0,1.0,1.5795443181010835,0.8799685377743619,0.1268,2.1438853410881857,11.961918938013032,0.46125,0.5416504806582738,-0.20890194090808925,4.00860969887574
272,272,8912764,134777,-9.25,6.86,0.19,59192.42759194133,EHE,GOLD,2.04,2.2,0.0,0.0,1.0,0.0,0.0,1.0,8.06626563659955,22.872550781975512,0.032,0.12604132878463012,-0.16575973080451104,4.155608189239179
273,273,29175858,134817,41.81,261.69,0.564,59204.52561869099,GFU,GOLD,2.39,4.74,0.0,0.0,1.0,0.0,0.2763715018930124,1.0,0.5641172650575736,14.350491147728999,0.71575,4.557783159747367,0.7213514921378026,3.1628654877612994
274,274,73718836,134818,13.44,206.37,0.534,59205.03907574695,GFU,GOLD,0.8800000000000001,1.63,0.0,0.0,1.0,0.0,0.0,1.0,0.05790609748621722,2.8610778965814423,0.6445,3.5987189283797143,0.2365756108455428,2.8989967602810855
